{"count":1,"self":9.1960287999999988,"total":26.999166799999998,"children":{"InitializeActuators":{"count":2,"self":0.0020004,"total":0.0020004,"children":null},"InitializeSensors":{"count":2,"self":0.0010006,"total":0.0010006,"children":null},"AgentSendState":{"count":1103,"self":0.010009599999999999,"total":15.918916099999999,"children":{"CollectObservations":{"count":1103,"self":15.892902399999999,"total":15.8929025,"children":null},"WriteActionMask":{"count":1103,"self":0.0020112999999999997,"total":0.0020112999999999997,"children":null},"RequestDecision":{"count":1103,"self":0.013992699999999999,"total":0.013992699999999999,"children":null}}},"DecideAction":{"count":1103,"self":1.8705648,"total":1.8705649,"children":null},"AgentAct":{"count":1103,"self":0.0090251999999999988,"total":0.0090251999999999988,"children":null}},"gauges":{},"metadata":{"timer_format_version":"0.1.0","start_time_seconds":"1741943966","unity_version":"2021.3.23f1","command_line_arguments":"C:\\Program Files\\Unity\\Hub\\Editor\\2021.3.23f1\\Editor\\Unity.exe -projectpath C:\\Users\\Nhan\\Documents\\Project\\gametest\\Childhoods -useHub -hubIPC -cloudEnvironment production","communication_protocol_version":"1.5.0","com.unity.ml-agents_version":"2.3.0-exp.3","scene_name":"MainScene","end_time_seconds":"1741943993"}}